{"cameraMode":{"drawMode":0,"name":"Shaded","section":"Shading Mode"},"sceneLighting":true,"audioPlay":false,"sceneViewState":{"showFog":true,"showMaterialUpdate":true,"showSkybox":true,"showFlares":true,"showImageEffects":true,"showParticleSystems":true,"showVisualEffectGraphs":true,"m_FxEnabled":true},"in2DMode":false,"pivot":{"x":2.0270588397979738,"y":1.9244976043701172,"z":3.401388645172119},"rotation":{"x":0.21693840622901917,"y":-0.01113182120025158,"z":-0.0024733617901802065,"w":-0.9761243462562561},"size":4.787962436676025,"orthographic":false}